idx,needle_pixel_ratio,loss_bce,loss_dice,loss_focal,loss_combined,dice,iou,dice_testpy,iou_testpy
0,0.0172882080078125,0.687753438949585,0.9497278928756714,0.13779383897781372,1.7063782513141632,0.8507276507897183,0.7402315486684287,0.6742987981257591,0.5086355790080866
1,0.0081634521484375,0.6908411383628845,0.9770840406417847,0.13814271986484528,1.7369965389370918,0.799643811398358,0.6661721073202195,0.6074646079698011,0.4362292062176909
2,0.00860595703125,0.6916193962097168,0.974807858467102,0.13910023868083954,1.7359773740172386,0.7676447265918757,0.62290862339394,0.6290143968670937,0.45880452429918495
3,0.0084381103515625,0.6922632455825806,0.97660231590271,0.13904225826263428,1.7383866906166077,0.6514657982726607,0.4830917879390417,0.5198019807923243,0.35117056964687193
4,0.004852294921875,0.6917088031768799,0.9854618906974792,0.13846981525421143,1.7464056015014648,0.838995568923197,0.7226463111383046,0.7106796122122726,0.5512048206289012
5,0.00933837890625,0.6908472180366516,0.9745843410491943,0.13821764290332794,1.73454038053751,0.7178257396340321,0.559850374613653,0.5625000005063657,0.3913043488062732
6,0.009918212890625,0.6899948120117188,0.9703158140182495,0.1381799578666687,1.7294006049633026,0.851878100742822,0.7419753089605243,0.5352422912607464,0.3654135347888518
7,0.0135955810546875,0.689280092716217,0.9602541327476501,0.13824912905693054,1.7186587899923325,0.8359133127781665,0.7180851066329031,0.6870554767517386,0.523293608317125
8,0.0097198486328125,0.6912552118301392,0.9720509648323059,0.13877350091934204,1.732692927122116,0.739157762577525,0.5862412765840067,0.5464247603560034,0.3759177689046729
9,0.01031494140625,0.6908615827560425,0.9714823365211487,0.13848143815994263,1.7315846383571625,0.7496159756147343,0.5995086000006037,0.6234269122716098,0.45288326377934846
10,0.0079345703125,0.6899006962776184,0.9745230078697205,0.13807880878448486,1.7334631085395813,0.8870214753622581,0.7969798661124499,0.8193832601108114,0.6940298513171085
11,0.006378173828125,0.6907127499580383,0.9799304604530334,0.13822327554225922,1.7397548481822014,0.8831775702299327,0.7907949795171653,0.7932960896741674,0.6574074082004459
12,0.009033203125,0.6895201206207275,0.9717179536819458,0.13791155815124512,1.730193853378296,0.8874281019823927,0.7976366324997982,0.8035714287662982,0.6716417915893171
13,0.0159454345703125,0.688423216342926,0.9532239437103271,0.13814358413219452,1.7107189521193504,0.8495188102145588,0.7384030420240281,0.7302137494337299,0.5750682442447058
14,0.0052032470703125,0.6914401650428772,0.9843578338623047,0.13832271099090576,1.7449593544006348,0.8598382751215118,0.7541371164204796,0.7150635213882695,0.5564971763940758
15,0.0120086669921875,0.6890608072280884,0.963749885559082,0.13801100850105286,1.7218161970376968,0.8476017001532473,0.7355110645568903,0.7565084228510655,0.6083743847187507
16,0.0077362060546875,0.6920119524002075,0.9764666557312012,0.13939151167869568,1.7381743639707565,0.7559966916823848,0.6077127664791053,0.7181208056844286,0.5602094248512924
17,0.016845703125,0.6891495585441589,0.9511841535568237,0.13874757289886475,1.709707498550415,0.8198412699127614,0.6946872900506474,0.6303236799373517,0.4601990054227205
18,0.006134033203125,0.6913269758224487,0.9817067384719849,0.13841596245765686,1.742241695523262,0.8534278961543406,0.7443298974343714,0.6036484252012464,0.43230403935319706
19,0.0210113525390625,0.687048077583313,0.9410843253135681,0.13754582405090332,1.6969053149223328,0.8297802558774089,0.7090807176518606,0.3641686186392455,0.22261990034171802
20,0.00823974609375,0.6901575326919556,0.9747703075408936,0.13807976245880127,1.7339677214622498,0.8574007221503602,0.7503949451020617,0.785087719533895,0.6462093869201997
21,0.00244140625,0.6922547817230225,0.9922637939453125,0.13847766816616058,1.7537574097514153,0.8438356168662038,0.7298578211855079,0.7970479712286053,0.662576689186646
22,0.0068511962890625,0.6930487155914307,0.9809660911560059,0.13960248231887817,1.7438160479068756,0.7236467239091673,0.5669642863586841,0.5601092902184299,0.3889943085597831
23,0.0098876953125,0.6908905506134033,0.9707990288734436,0.1388070434331894,1.7310931012034416,0.8156808804568907,0.6887340305589617,0.7194899820405373,0.5618776677640431
24,0.0166473388671875,0.6869633197784424,0.9493592381477356,0.13753148913383484,1.7050883024930954,0.8749473684737064,0.7776946109448394,0.7782656422731802,0.6370170713054653
25,0.0122222900390625,0.6894165277481079,0.961374044418335,0.1386248618364334,1.7201030030846596,0.7886304910653072,0.651023891082744,0.8164948454869452,0.6898954707434432
26,0.00677490234375,0.690980076789856,0.9795905351638794,0.13831183314323425,1.7397265285253525,0.830309498580246,0.7098540151280036,0.661807580667919,0.494553378007509
27,0.0112457275390625,0.6903965473175049,0.9662467241287231,0.1386558711528778,1.725971207022667,0.7483940044173479,0.5979469635603533,0.6508355324091155,0.4823989576500666
28,0.01092529296875,0.6906418204307556,0.9647018313407898,0.13942036032676697,1.725053831934929,0.7798114255242311,0.6390909094190081,0.8144404333469745,0.6869671136577745
29,0.0050811767578125,0.6917502880096436,0.9842397570610046,0.13864201307296753,1.745311051607132,0.831788079692996,0.7120181412425892,0.7641996561717734,0.6183844021772023
30,0.010284423828125,0.6897067427635193,0.9685196280479431,0.13816852867603302,1.727310635149479,0.8399470900529451,0.7240592933591115,0.7068645642793463,0.5466284081110065
31,0.0058135986328125,0.6910840272903442,0.9818873405456543,0.13831570744514465,1.7421292215585709,0.8581907092198158,0.7516059962492377,0.7725856701361594,0.6294416253059857
32,0.00457763671875,0.6916797161102295,0.9861279726028442,0.13839399814605713,1.7470046877861023,0.7901591898839954,0.6531100486767702,0.7112970717336882,0.5519480534027661
33,0.00531005859375,0.691635251045227,0.9844817519187927,0.1383725106716156,1.7453032582998276,0.7696202534561769,0.6255144040627275,0.7321428576211735,0.5774647899226344
34,0.0091400146484375,0.6907126307487488,0.9731816649436951,0.13848668336868286,1.7331376373767853,0.8115942030502461,0.6829268296979312,0.6851851855090687,0.5211267613127907
35,0.0081787109375,0.6911023855209351,0.9758919477462769,0.13846299052238464,1.7362258285284042,0.7479674798610735,0.597402597877919,0.7352941179464999,0.5813953495860549
36,0.006744384765625,0.6933368444442749,0.9824038147926331,0.13951578736305237,1.7454985529184341,0.6557692311002218,0.48783977183427785,0.4683357887064274,0.3057692321042899
37,0.015045166015625,0.6886817216873169,0.9550745487213135,0.13823865354061127,1.712875597178936,0.8008968610758311,0.6679132388422488,0.7406955462228826,0.5881782949726954
38,0.0061187744140625,0.691344678401947,0.9820349812507629,0.13836704194545746,1.7425631806254387,0.8268292685038667,0.7047817053954643,0.6279069773622807,0.4576271199573193
39,0.008148193359375,0.6918584108352661,0.9759076833724976,0.13907498121261597,1.7373035848140717,0.714590747534099,0.555924695951357,0.6821192056488751,0.5175879405065529
40,0.0125885009765625,0.6897375583648682,0.9652833938598633,0.1379319131374359,1.7239869087934494,0.8619102417365304,0.7573306372524463,0.11818181918388429,0.06280193349903147
41,0.0115966796875,0.6936153173446655,0.9672431945800781,0.1407792866230011,1.7312481552362442,0.5966587114097095,0.4251700684182516,0.6095089636714661,0.43834080780455065
42,0.0059967041015625,0.6907544136047363,0.9813444018363953,0.13810746371746063,1.741152547299862,0.8888888890276044,0.8000000004494382,0.7798165140981399,0.6390977452654192
43,0.0078277587890625,0.6927050352096558,0.9810755252838135,0.13882866501808167,1.74319489300251,0.5907808094160104,0.41922563495430487,0.408104197672787,0.2563636377157025
44,0.0121612548828125,0.6896058320999146,0.9642852544784546,0.138240247964859,1.7230112105607986,0.8431151242420344,0.7287804880694824,0.517520216066918,0.3490909098798898
45,0.0078277587890625,0.6914467811584473,0.9761233925819397,0.13879039883613586,1.736965373158455,0.7205146535235778,0.5631284921082363,0.7694038247813231,0.6252285198807522
46,0.011260986328125,0.68902587890625,0.9657227993011475,0.1378745436668396,1.7236859500408173,0.8690476191342278,0.7684210529024316,0.7831031683321663,0.643524700075401
47,0.0029296875,0.6925278902053833,0.9919312000274658,0.1385500729084015,1.7537341266870499,0.7741935489474105,0.6315789488600042,0.610526317156048,0.4393939422252831
48,0.008026123046875,0.6935468912124634,0.9764816164970398,0.1401853859424591,1.7401212006807327,0.586040914809843,0.414468085604708,0.5238744890533772,0.35489833760647255
49,0.0125274658203125,0.6907976269721985,0.9622630476951599,0.13937918841838837,1.7227502688765526,0.7726136932670596,0.6294788276632908,0.5201716742316123,0.35150812140196275
50,0.003265380859375,0.6923046112060547,0.9903590679168701,0.1385689377784729,1.7519481480121613,0.8058455118875877,0.6748251759621497,0.6820809257743325,0.5175438617651585
51,0.0073394775390625,0.6926664710044861,0.9789251089096069,0.1394544243812561,1.741318792104721,0.7094220113147885,0.549693252086266,0.5521796571305421,0.3813868624427247
52,0.0102386474609375,0.6920520067214966,0.9721518158912659,0.1391633301973343,1.7337854877114296,0.7390476192133031,0.5861027194500477,0.596014493119552,0.4245161297748179
53,0.006103515625,0.6937285661697388,0.9826470613479614,0.140086367726326,1.7464188113808632,0.6431372552518262,0.4739884400664907,0.5106382986160513,0.3428571441982507
54,0.0071868896484375,0.6929477453231812,0.979874312877655,0.1396462321281433,1.7426451742649078,0.696060037808574,0.5338129503110605,0.5402455667936622,0.37009345912132063
55,0.0103302001953125,0.6894426345825195,0.9697144031524658,0.13777118921279907,1.7280426323413849,0.8674509804961169,0.7659279781635346,0.6946564888409765,0.5321637433740296
56,0.0057373046875,0.691400408744812,0.9828066229820251,0.1383863389492035,1.743400201201439,0.8226600987405663,0.6987447705047181,0.5259117091633173,0.3567708350084093
57,0.0201416015625,0.6873023509979248,0.9428251385688782,0.13770383596420288,1.6989794075489044,0.824843904099624,0.7019015661622474,0.7206364063076106,0.5632772497708286
58,0.01513671875,0.6909322738647461,0.9596810340881348,0.13897734880447388,1.7201019823551178,0.7510431155535267,0.6013363031912871,0.45790251147865396,0.2969348665738171
59,0.0190887451171875,0.6872113347053528,0.9438916444778442,0.13781997561454773,1.7000129669904709,0.8336215842844615,0.7147093714622127,0.7486785200631051,0.5983102921671963
60,0.013092041015625,0.6897741556167603,0.9645568132400513,0.13789555430412292,1.723278746008873,0.7952082146062703,0.6600378791098126,0.6584615387242603,0.49082568865730997
61,0.003021240234375,0.6921525001525879,0.9907312989234924,0.1384735405445099,1.7521205693483353,0.8662131522308092,0.764000000944,0.7575757583103765,0.6097560994646044
62,0.0091552734375,0.690954327583313,0.9737391471862793,0.13848702609539032,1.7339369878172874,0.8359317001960418,0.7181122452575099,0.16741405206664567,0.0913539982196509
63,0.0125579833984375,0.689552366733551,0.9620088338851929,0.13840728998184204,1.720764845609665,0.7865279842563011,0.648163265593336,0.7483870969545613,0.5979381447904488
64,0.005828857421875,0.6931427717208862,0.9860180020332336,0.1388760209083557,1.7485987842082977,0.6200551981416235,0.44933333406755555,0.15348837406165494,0.08312342800220798
65,0.0061187744140625,0.6919097304344177,0.9837014079093933,0.13843177258968353,1.7448270246386528,0.7591933573437801,0.61185468525458,0.49084249177501377,0.32524272008436234
66,0.011932373046875,0.6889525055885315,0.9633499383926392,0.1380486935377121,1.7213267907500267,0.8490797546938161,0.7377398723478253,0.7907669398430626,0.6539408871256885
67,0.0040130615234375,0.692919135093689,0.9901930093765259,0.13869062066078186,1.7524574548006058,0.6229508201872257,0.4523809534674981,0.4312668478941594,0.2749140918387832
68,0.012420654296875,0.6896251440048218,0.9638009667396545,0.13814125955104828,1.7224967405200005,0.7985074627939726,0.664596273589533,0.6398026318751623,0.470374849491687
69,0.0118865966796875,0.6889423131942749,0.9643720388412476,0.13782939314842224,1.7222290486097336,0.858729179605966,0.7524324327000731,0.7674418606453939,0.622641509908627
70,0.0038909912109375,0.6916537284851074,0.9879967570304871,0.13829952478408813,1.7488002479076385,0.884688090955221,0.7932203396839989,0.7655502397953343,0.6201550402319572
71,0.006439208984375,0.6948977708816528,0.9805529713630676,0.1412896066904068,1.7460955455899239,0.6134663344858966,0.44244604383399755,0.7060439564477419,0.5456475593510668
72,0.013885498046875,0.6889505386352539,0.9576637744903564,0.13838398456573486,1.7158063054084778,0.8097050429068959,0.6802557956192998,0.7873417722864926,0.6492693114308253
73,0.00677490234375,0.6916335821151733,0.9806797504425049,0.13861092925071716,1.7416187971830368,0.8055853922603808,0.674460432240179,0.5958702070857371,0.4243697491084669
74,0.0016326904296875,0.6929790377616882,0.9961327314376831,0.13859346508979797,1.7584085017442703,0.7222222235082304,0.5652173944549465,0.35294118122837365,0.21428572130102036
75,0.009552001953125,0.6903153657913208,0.9703902006149292,0.13861919939517975,1.7300151661038399,0.8223880598340387,0.6983523451224939,0.7827681028572244,0.6430722896941682
76,0.01025390625,0.6903203725814819,0.9715455174446106,0.13801805675029755,1.7308749184012413,0.8330995793596777,0.713942308036127,0.405594406287186,0.2543859660023597
77,0.0160675048828125,0.6916130185127258,0.9559069275856018,0.13992677628993988,1.7174833342432976,0.7182921725750139,0.560418027720171,0.6089482861075257,0.43776106980972335
78,0.0028839111328125,0.6923328638076782,0.991595447063446,0.13848046958446503,1.7531685456633568,0.7908045981820584,0.6539923967528806,0.7046979875681275,0.5440414531396816
79,0.007965087890625,0.690544843673706,0.975924551486969,0.13825134932994843,1.7355950698256493,0.8339416059909291,0.7151799691468232,0.7412587415603045,0.5888888896502058
80,0.0115509033203125,0.6906850934028625,0.9663625955581665,0.13889534771442413,1.7264953628182411,0.8160851568207658,0.6893106896210682,0.6263829790413761,0.4560099139330732
81,0.013427734375,0.6888726353645325,0.960119366645813,0.1381140500307083,1.7180490270256996,0.8493462195285126,0.7381422927488712,0.7383561645627698,0.58523344236131
82,0.0145416259765625,0.6886430978775024,0.956451416015625,0.13823573291301727,1.714212380349636,0.8606719368277312,0.7554206420161138,0.4730679161022108,0.30981595162595504
83,0.010467529296875,0.690556526184082,0.9688458442687988,0.13848954439163208,1.728647142648697,0.7418300655000926,0.5896103899657053,0.7677806343035298,0.6230876222210187
84,0.0082855224609375,0.6946209669113159,0.9784557223320007,0.1408097743988037,1.7434815764427185,0.5400161685206013,0.3698781845294815,0.46347032024718,0.3016344735488344
85,0.00750732421875,0.6921924352645874,0.9818769693374634,0.13846266269683838,1.74330073595047,0.6470588239138793,0.478260870405377,0.40381558123399747,0.25298804929683655
86,0.0092315673828125,0.6912120580673218,0.9713579416275024,0.1390763223171234,1.732108160853386,0.725826193558246,0.5696445729398226,0.7416587228392194,0.5893939400160698
87,0.0084381103515625,0.6919562816619873,0.9778085947036743,0.13862450420856476,1.739077128469944,0.7362146052636254,0.5825471703036,0.4100418418269988,0.2578947381440443
88,0.0038604736328125,0.6920609474182129,0.988756537437439,0.13845989108085632,1.75004743039608,0.8460111320111111,0.7331189719192316,0.666666667514843,0.5000000019083969
89,0.009368896484375,0.6929377317428589,0.9709765315055847,0.14049646258354187,1.7341624945402145,0.6894553883606863,0.5260831127090334,0.7210884356113193,0.5638297878140561
90,0.0074005126953125,0.6901957988739014,0.977092444896698,0.13799095153808594,1.7362837195396423,0.9031600408734353,0.8234200746776579,0.772104608004851,0.62880324618904
91,0.0166015625,0.6915377378463745,0.955773115158081,0.13981875777244568,1.7172202318906784,0.7000903343721363,0.5385684506333783,0.5700879767917372,0.39868744922174937
92,0.0162811279296875,0.6880484819412231,0.9527339935302734,0.13784226775169373,1.7097036093473434,0.8481818182508265,0.7363851620075886,0.629422719038223,0.45923913092460217
93,0.01898193359375,0.689814567565918,0.949829638004303,0.13871780037879944,1.7090031057596207,0.7219078416645482,0.5648323848419782,0.5906183371052142,0.41906202767090617
94,0.0132293701171875,0.689276933670044,0.9593097567558289,0.13863518834114075,1.7179042845964432,0.8448098664723485,0.7313167262176896,0.503778337948129,0.3367003374447808
95,0.0040740966796875,0.6919562816619873,0.9886096119880676,0.13832604885101318,1.7497289180755615,0.8670309656338234,0.7652733126518543,0.6516290735548144,0.48327137738560827
96,0.0099029541015625,0.6908810138702393,0.9710037708282471,0.13851167261600494,1.7311406210064888,0.6810344829304771,0.5163398696761928,0.5140291812412692,0.34592145113909145
97,0.010406494140625,0.6890397071838379,0.9677802920341492,0.1378033459186554,1.7257216721773148,0.8964539007826569,0.8123393318607464,0.792682927009858,0.6565656570612328
98,0.01025390625,0.6904921531677246,0.9689030647277832,0.1385730504989624,1.728681743144989,0.7382319174866637,0.5850773434166721,0.7025023172358643,0.5414285720836735
99,0.0049285888671875,0.6914254426956177,0.9849636554718018,0.13832667469978333,1.745552435517311,0.8922155690236294,0.8054054059313367,0.7551401873735697,0.6066066077879682
100,0.002960205078125,0.6922171115875244,0.9912562370300293,0.13845284283161163,1.7526997700333595,0.8790123459777472,0.7841409701139165,0.699029127187608,0.5373134351377441
101,0.0035247802734375,0.6919729709625244,0.9893946647644043,0.13841019570827484,1.7505727335810661,0.8559670784856644,0.7482014397546711,0.736000000704,0.5822784827751962
102,0.007904052734375,0.6909943222999573,0.9763913750648499,0.1384519636631012,1.7366116791963577,0.79108175079184,0.6543715851716235,0.7519818802355811,0.6025408355670765
103,0.0115203857421875,0.6904121041297913,0.9666877388954163,0.1386486291885376,1.7264241576194763,0.7883495147000974,0.6506410260142724,0.5970695974385809,0.4255874681128101
104,0.0093841552734375,0.6934210062026978,0.9756633043289185,0.13970206677913666,1.7389353439211845,0.5591397852250855,0.3880597020297983,0.4413145546463444,0.2831325312001016
105,0.0189666748046875,0.6875899434089661,0.946015477180481,0.1377774178981781,1.702494129538536,0.8272251309546652,0.7053571430450528,0.4000000003821656,0.25000000059713373
106,0.01678466796875,0.6890813708305359,0.9498072862625122,0.13883808255195618,1.7083076983690262,0.7676840216274025,0.622960373180093,0.7663744199245104,0.6212374585106709
107,0.0092010498046875,0.6913068294525146,0.9712226390838623,0.1391235888004303,1.732091262936592,0.7032448379331889,0.5423111924091799,0.7530516434243646,0.603915663247115
108,0.0093841552734375,0.6907719373703003,0.972540557384491,0.13846920430660248,1.7325470969080925,0.7972125436953222,0.6628041718855108,0.6714876036451575,0.5054432356058426
109,0.0034027099609375,0.6922345757484436,0.9892310500144958,0.1386750340461731,1.750803142786026,0.8083491464737208,0.6783439500689683,0.783042394556004,0.6434426244121204
110,0.0109405517578125,0.690626859664917,0.9661625623703003,0.13908031582832336,1.726329579949379,0.787535410885249,0.6495327106079133,0.7675840980370151,0.622828784587061
111,0.0106201171875,0.6898372173309326,0.9675130844116211,0.1383451521396637,1.7265228778123856,0.8089591569110941,0.6792035401778722,0.7798319329581244,0.6391184577973575
112,0.010711669921875,0.6908136606216431,0.9702310562133789,0.13842040300369263,1.7302549183368683,0.7378048782086556,0.5845410632033419,0.5496489472922277,0.37897648771925796
113,0.0084075927734375,0.6897982358932495,0.9738073945045471,0.13794554769992828,1.7325784042477608,0.898245614124346,0.8152866244979512,0.794871795090949,0.6595744686886977
114,0.0132293701171875,0.6922686100006104,0.9675195813179016,0.13923275470733643,1.7294045686721802,0.5364238413666067,0.3665158376773612,0.434563758863621,0.2775991433251885
115,0.0124053955078125,0.689560055732727,0.9638570547103882,0.13821837306022644,1.7225262969732285,0.8359603036567658,0.7181544636728642,0.7228017885821149,0.5659276551156037
116,0.011383056640625,0.6900467872619629,0.9678547978401184,0.1380751132965088,1.7269391417503357,0.8172558419309431,0.6909827764022465,0.6678260872453685,0.5013054836797578
117,0.011566162109375,0.6903960704803467,0.9678303003311157,0.138323575258255,1.72738815844059,0.8354740062168354,0.7174369750867259,0.1280788188077847,0.06842105385734072
118,0.0151214599609375,0.6875696182250977,0.9547864198684692,0.13747766613960266,1.7110948711633682,0.8848368522625544,0.7934595526734427,0.7790487659367558,0.6380670615009201
119,0.0099639892578125,0.6921066045761108,0.9738911390304565,0.13904383778572083,1.7355196624994278,0.7242136066392,0.5676605509545177,0.5188199394518617,0.35027472616720506
120,0.00238037109375,0.6927745342254639,0.9941721558570862,0.13852427899837494,1.7562088295817375,0.7184466028529236,0.5606060628252219,0.31016043149646827,0.18354430896490945
121,0.0130157470703125,0.6901073455810547,0.962805449962616,0.1385963261127472,1.7222109586000443,0.8288770054391033,0.707762557344509,0.6073619634912868,0.43612334863863067
122,0.010009765625,0.6913339495658875,0.9722743034362793,0.1387915015220642,1.7330040037631989,0.7170953103501547,0.558962264671035,0.6250000003662108,0.4545454553202479
123,0.014251708984375,0.6889677047729492,0.9577825665473938,0.13823288679122925,1.7158667147159576,0.8338983051651825,0.7151162793063818,0.7043363996686358,0.5436105481302125
124,0.0176544189453125,0.6894813179969788,0.9495013952255249,0.1389920711517334,1.7084787487983704,0.777861445866769,0.636475662577649,0.6209150328862119,0.4502369672588965
125,0.0117950439453125,0.6913491487503052,0.9658265113830566,0.13941839337348938,1.7268848568201065,0.7580824973477801,0.6104129267411015,0.6635873751627502,0.496543779381862
126,0.0132293701171875,0.6894194483757019,0.958764910697937,0.13887962698936462,1.7176241725683212,0.825527534829888,0.7028922000851076,0.7854406131638311,0.6466876975323999
127,0.0072479248046875,0.6942718029022217,0.9809539914131165,0.14036047458648682,1.7454060316085815,0.5724444448244937,0.40099626475592,0.4561855677111011,0.2954924886552713
128,0.008544921875,0.6904647350311279,0.9741172194480896,0.13832232356071472,1.733743116259575,0.8182572615616122,0.692415730769079,0.765822785057149,0.6205128211615165
129,0.0063934326171875,0.6912462711334229,0.980348527431488,0.13853612542152405,1.740862861275673,0.844444444617284,0.7307692312869822,0.7694406551576526,0.6252771626933987
130,0.0063934326171875,0.6914584040641785,0.9819681644439697,0.1383613497018814,1.742607243359089,0.8057553959163605,0.6746987958339382,0.6240000006016,0.4534883733639805
131,0.005889892578125,0.6918896436691284,0.984125018119812,0.13845740258693695,1.745243363082409,0.7604871451143611,0.6135371187477355,0.555555556352051,0.3846153861423936
132,0.009368896484375,0.6901596784591675,0.9717008471488953,0.13824453949928284,1.7309827953577042,0.8144171780564285,0.6869340236909004,0.7618110238564852,0.6152623217563397
133,0.0037078857421875,0.6916579604148865,0.9882348775863647,0.13832607865333557,1.749055877327919,0.8880308882470446,0.798611111810378,0.8000000004819277,0.6666666680053548
134,0.0100860595703125,0.6934435367584229,0.9716466069221497,0.1405651569366455,1.7353727221488953,0.668390433310672,0.5019417480563672,0.5953002614488248,0.4237918222753509
135,0.009368896484375,0.6904244422912598,0.9713799953460693,0.13846999406814575,1.731039434671402,0.7735191639208926,0.630681818601498,0.7679245285208258,0.6232771828127455
136,0.006134033203125,0.692950963973999,0.9845510721206665,0.1389981061220169,1.747001089155674,0.6413867826203827,0.47208931503654017,0.4367417687404822,0.2793791590257668
137,0.0160980224609375,0.6887557506561279,0.9531397223472595,0.13834445178508759,1.7110676988959312,0.8079120879965223,0.6777286138069848,0.7225071226652381,0.5655664589067203
138,0.0065460205078125,0.6924181580543518,0.9801501631736755,0.139335036277771,1.7422358393669128,0.6952636285118287,0.532876712968662,0.6560232225601985,0.48812095142954437
139,0.0107421875,0.6938584446907043,0.9723308682441711,0.14054518938064575,1.7364619076251984,0.6321601106748377,0.46215943545695315,0.4528650652006792,0.2927120677506427
140,0.0191497802734375,0.6889785528182983,0.9483730792999268,0.13830295205116272,1.7065031081438065,0.7989397956081258,0.6651954604885275,0.5831509849107489,0.4115830120373876
141,0.010284423828125,0.6892355680465698,0.9677152633666992,0.13802891969680786,1.725965291261673,0.8843441467670352,0.7926675097437832,0.807856533041967,0.6776504302612458
142,0.006622314453125,0.6915839314460754,0.9801767468452454,0.1387423872947693,1.7411318719387054,0.795284030230135,0.6601423493591773,0.708446866882225,0.5485232077035376
143,0.0063629150390625,0.6912268996238708,0.9820713996887207,0.13818223774433136,1.7423894181847572,0.8690330478959204,0.7683982688995709,0.6343042077114819,0.4644549775723816
144,0.011962890625,0.6914225816726685,0.9656011462211609,0.1394747644662857,1.7267611101269722,0.7875417131326242,0.6495412847251915,0.5886178865133187,0.4170506919158402
145,0.009429931640625,0.6898236274719238,0.9715834856033325,0.13801461458206177,1.7304144203662872,0.8432776453116327,0.7290233841416459,0.7519841272301745,0.6025437208226649
146,0.015777587890625,0.6905852556228638,0.9571882486343384,0.138913094997406,1.7172300517559052,0.765336765437436,0.61987491339828,0.5217965657055504,0.3529937449928563
147,0.007598876953125,0.6904380321502686,0.9771448969841003,0.13806480169296265,1.7366153299808502,0.8800773695550508,0.7858376514925084,0.755828221158493,0.6074950698077021
148,0.0115509033203125,0.6916399598121643,0.9692435264587402,0.1389409601688385,1.7303539663553238,0.6888888890708252,0.52542372923691,0.48715509087806363,0.32201257946916656
149,0.0063629150390625,0.6909348964691162,0.9807420969009399,0.13822387158870697,1.7407889291644096,0.8434886501272537,0.7293388435344239,0.7488986787828213,0.598591550238048
150,0.007965087890625,0.6902190446853638,0.9754446148872375,0.13808375597000122,1.734705537557602,0.8670212767136335,0.7652582163297994,0.7473560520007567,0.5966228900626213
151,0.011444091796875,0.6903306841850281,0.9668877124786377,0.13846394419670105,1.7264503687620163,0.6843930637662468,0.5202108967309218,0.6998341627696234,0.5382653067113963
152,0.009429931640625,0.6913021802902222,0.9719827175140381,0.13890624046325684,1.7327380180358887,0.730413325274267,0.5753158410346784,0.6700201210563178,0.5037821490109196
153,0.00689697265625,0.69048011302948,0.9782028198242188,0.13815739750862122,1.7377616316080093,0.8834355829412724,0.7912087915911927,0.809768637776647,0.68034557304461
154,0.0125885009765625,0.6888903379440308,0.9601413011550903,0.1383308470249176,1.71819706261158,0.8062015504877511,0.6753246756057795,0.8345514951265439,0.7160775373818956
155,0.011688232421875,0.689482569694519,0.9641803503036499,0.13836994767189026,1.722847893834114,0.8303951368812188,0.7099792102806869,0.7568412824418754,0.60880503193861
156,0.005401611328125,0.6930158734321594,0.9863462448120117,0.13888221979141235,1.7488032281398773,0.614354067354685,0.4433701665146821,0.3781512618106066,0.23316062374828853
157,0.002166748046875,0.6925292015075684,0.9938638806343079,0.1384752094745636,1.755630686879158,0.8527607366479732,0.7433155093940347,0.7232142869499362,0.5664335694654995
158,0.0093841552734375,0.6904247999191284,0.9725081920623779,0.13823628425598145,1.732051134109497,0.85590778108364,0.7481108315514977,0.17888563170251373,0.0982286648981825
159,0.0088348388671875,0.6901766657829285,0.9735546112060547,0.13810554146766663,1.7327840477228165,0.844668346058213,0.7311046515536269,0.7478991599286774,0.597315436917256
160,0.0060882568359375,0.6929909586906433,0.9838975667953491,0.1392512172460556,1.7465141341090202,0.7070484584724136,0.5468483823733418,0.44745762805515654,0.28820960854102706
161,0.0097503662109375,0.6905964612960815,0.9736214280128479,0.1380530595779419,1.7332444190979004,0.8178202069866188,0.6917900407916688,0.5561735266338448,0.3852080132739476
162,0.0055694580078125,0.6942309141159058,0.9840326309204102,0.14034676551818848,1.7484369277954102,0.5904203327561873,0.4188626915133666,0.5996592851794561,0.4282238456734213
163,0.0087127685546875,0.689507246017456,0.9725363254547119,0.1378534734249115,1.7309703081846237,0.897243107855269,0.8136363639187327,0.8267477205402759,0.704663212945314
164,0.0129852294921875,0.6878994703292847,0.9599610567092896,0.137534499168396,1.7166277766227722,0.8942252716442394,0.8086866599703344,0.8046928917842009,0.673210162040173
165,0.01348876953125,0.6881639361381531,0.9589720964431763,0.13770413398742676,1.7159880995750427,0.8698884759055292,0.7697368423216758,0.7863818425992111,0.6479647968669254
166,0.0044708251953125,0.691967785358429,0.9876002073287964,0.13835188746452332,1.748743936419487,0.7858243454763878,0.647208122722822,0.6651583717982842,0.4983050864464234
167,0.0118560791015625,0.6909753084182739,0.9618618488311768,0.1397494524717331,1.7227118834853172,0.7183826987689786,0.56052824683747,0.8168642952458075,0.6904231629282593
168,0.0083465576171875,0.6910896301269531,0.9752170443534851,0.1385694146156311,1.7355913817882538,0.78016284250173,0.6395631072335399,0.7316017318922059,0.5767918095959184
169,0.00775146484375,0.6917273998260498,0.9778609871864319,0.1387760043144226,1.738976389169693,0.75570032593184,0.6073298434459034,0.654501216965327,0.48643761394857576
170,0.0215606689453125,0.6868805289268494,0.9393673539161682,0.13756346702575684,1.695029616355896,0.8266498263888065,0.7045209904711943,0.4825765578233492,0.318023660878202
171,0.0099334716796875,0.691078782081604,0.9741681814193726,0.13825058937072754,1.7343722581863403,0.7311827959212714,0.5762711869931275,0.5378704725160588,0.3678678688170152
172,0.0059967041015625,0.6915695667266846,0.9825506806373596,0.13849355280399323,1.7433670237660408,0.8096446702923291,0.6801705763749029,0.6825396830435878,0.5180722903178981
173,0.0115814208984375,0.691562831401825,0.9685243964195251,0.1389700472354889,1.7295722514390945,0.7202312140345485,0.5627822948845688,0.5827702706226602,0.41120381476614565
174,0.0117645263671875,0.6925141215324402,0.9639419317245483,0.14083729684352875,1.726874701678753,0.7438706313281843,0.5921926913686106,0.7177363701050818,0.5597416581703535
175,0.01416015625,0.6894004344940186,0.9575033783912659,0.13873161375522614,1.7162696197628975,0.8158415842495834,0.6889632109624053,0.7467492261630035,0.5958498027708994
176,0.0113067626953125,0.6907250881195068,0.9675405025482178,0.13855630159378052,1.7275437414646149,0.716312056881301,0.5580110500726037,0.6660869568120983,0.4993481101703414
177,0.0080108642578125,0.6900562644004822,0.9748414158821106,0.13809719681739807,1.7339462786912918,0.8852459017438561,0.7941176473952326,0.7928730514555979,0.6568265688988439
178,0.013824462890625,0.6897174119949341,0.9597917795181274,0.13859900832176208,1.7188086956739426,0.8342458935618488,0.7156276689021113,0.6791927629233174,0.5142255010387508
179,0.014892578125,0.6898295283317566,0.9589976072311401,0.13836392760276794,1.7180090993642807,0.7574426550720145,0.6095836609508376,0.6108843540062011,0.43976493688563667
180,0.0035552978515625,0.6919792890548706,0.9895704984664917,0.13836811482906342,1.750733844935894,0.859538784361554,0.7536764714938365,0.7173913051157845,0.5593220357655846
181,0.011444091796875,0.6901954412460327,0.9647038578987122,0.13869823515415192,1.7242484167218208,0.7539161193764952,0.6050283863706176,0.8017686073678935,0.6691266916738909
182,0.00439453125,0.6921527981758118,0.9865729808807373,0.1387363076210022,1.7480939328670502,0.733031674610812,0.5785714295748299,0.733870968278486,0.5796178357337012
183,0.014678955078125,0.6888409852981567,0.9561343789100647,0.13840237259864807,1.7141765505075455,0.8362745098841792,0.7186183658646854,0.48024787027091564,0.31600407816921094
184,0.0089111328125,0.6899707317352295,0.9731113910675049,0.13803565502166748,1.7320999503135681,0.8631211858211671,0.7592024543570515,0.7533818941171885,0.6043405682732211
185,0.012054443359375,0.6906870603561401,0.9639829993247986,0.1391073763370514,1.7242237478494644,0.7664609054699275,0.6213511262540857,0.7083946983001511,0.5484606618603641
186,0.00604248046875,0.6937884092330933,0.9819968342781067,0.14035481214523315,1.7459626495838165,0.6666666669906057,0.500000000728863,0.6203059810565981,0.44959677530323233
187,0.0108489990234375,0.6908673048019409,0.9702519178390503,0.13847732543945312,1.7303578853607178,0.6809097176561614,0.5161964477364719,0.6333333336728394,0.4634146348734219
188,0.0040283203125,0.6917239427566528,0.987514853477478,0.13837739825248718,1.7484274953603745,0.8634064083247784,0.7596439176271694,0.7755102045906798,0.633333334691358
189,0.0152130126953125,0.6903095841407776,0.9527990221977234,0.139704167842865,1.7129606902599335,0.718340611456208,0.5604770019531646,0.81200631921432,0.683510638578448
190,0.0150604248046875,0.6892102956771851,0.9563711881637573,0.13840749859809875,1.7147852331399918,0.8343115124901529,0.715724244991693,0.4559043352347501,0.29525653504815436
191,0.0085296630859375,0.690435528755188,0.9748957753181458,0.1381370723247528,1.7343998402357101,0.8289361703583521,0.7078488376339407,0.6880733948531268,0.5244755253068609
192,0.010955810546875,0.6894658803939819,0.9664280414581299,0.13817748427391052,1.724982663989067,0.8524804178508614,0.7428896476190107,0.7672131149449072,0.6223404260341218
193,0.0062255859375,0.6942036151885986,0.9861766695976257,0.13945510983467102,1.7501078397035599,0.4802744429843272,0.3160270888080958,0.103448277579601,0.05454545645546373
194,0.0108489990234375,0.6915791630744934,0.9709543585777283,0.13881948590278625,1.7319432646036148,0.7247820674191893,0.568359375421524,0.614425645935507,0.4434447307924875
195,0.011016845703125,0.6898173093795776,0.9687955379486084,0.1379254162311554,1.7275755554437637,0.8164642376407124,0.6898517677424724,0.6739130437736294,0.5081967219833378
196,0.0110015869140625,0.6904007196426392,0.9681597352027893,0.13834929466247559,1.7277351021766663,0.7040498443904206,0.5432692311352009,0.6234741787573012,0.4529331521788088
197,0.012420654296875,0.6895251870155334,0.9617384672164917,0.13842301070690155,1.720475159585476,0.7534973469592392,0.6044891643928102,0.803116147448218,0.6710059175491054
198,0.0073089599609375,0.6906150579452515,0.9781762957572937,0.13811318576335907,1.7378479465842247,0.8812877264775777,0.7877697845543709,0.5959302331454502,0.42443064301360117
199,0.0086822509765625,0.6926015615463257,0.9780020117759705,0.13894608616828918,1.7400766164064407,0.6303886928407146,0.4602683184104558,0.5111896354402949,0.343354431418743
200,0.015625,0.6889553070068359,0.9571154713630676,0.13785836100578308,1.714999958872795,0.828447861687435,0.7071369977792149,0.6316472116526283,0.4616113749179039
201,0.0126190185546875,0.6901090145111084,0.9654945135116577,0.13817960023880005,1.7246933281421661,0.7919383522276595,0.6555446519572673,0.6270096466020822,0.4566744737041282
202,0.016632080078125,0.6893762946128845,0.9503229856491089,0.1389898657798767,1.7091942131519318,0.7572953737518522,0.6093928982764073,0.7651632971668413,0.6196473554830836
203,0.002288818359375,0.6925862431526184,0.9931023120880127,0.13863204419612885,1.7550045773386955,0.7647058830449827,0.619047620861678,0.7294117657670127,0.5740740767032464
204,0.0103302001953125,0.6908938884735107,0.9708735346794128,0.13846999406814575,1.7310024201869965,0.7817509249187725,0.641700405220951,0.6580166824300123,0.49033149241666923
205,0.01190185546875,0.6888836622238159,0.9640748500823975,0.1378760039806366,1.7218965142965317,0.8742138365570983,0.7765363130988421,0.7608024693203684,0.6139476966202395
206,0.00836181640625,0.6912493705749512,0.9739028215408325,0.1388920545578003,1.7345982193946838,0.7245989306653751,0.5681341723604464,0.7266811282790877,0.5706984675115869
207,0.0081787109375,0.6912356615066528,0.975272536277771,0.1387665569782257,1.7358914762735367,0.7692307694100771,0.6250000004734848,0.7108571431875919,0.5514184405116694
208,0.0175628662109375,0.6881073713302612,0.947394847869873,0.1384437531232834,1.704724095761776,0.8230798625055101,0.6993506495458762,0.7142102484341203,0.5554642567333901
209,0.0076904296875,0.6913259029388428,0.9770758152008057,0.13865453004837036,1.7377289831638336,0.7740863789251774,0.6314363148625525,0.6707920796153564,0.5046554944047383
210,0.0100250244140625,0.6896108388900757,0.9689106345176697,0.1381387710571289,1.7275908589363098,0.8422555318756206,0.727496917721952,0.7657247039510258,0.6203840478280885
211,0.0128173828125,0.6918668150901794,0.965183675289154,0.13945552706718445,1.7267782539129257,0.7118816931606927,0.5526524152393884,0.5543478264329598,0.383458647278777
212,0.013763427734375,0.6892984509468079,0.9593297243118286,0.13827461004257202,1.7177654802799225,0.785517873608837,0.6467924530967604,0.7013888890962576,0.540106952363522
213,0.015716552734375,0.6892277002334595,0.9527210593223572,0.1386810839176178,1.7112893015146255,0.7469967237906819,0.5961650205716648,0.7384259260772998,0.5853211012978705
214,0.013916015625,0.6882854700088501,0.9574382901191711,0.13791301846504211,1.7146802693605423,0.8367044894737521,0.7192536049879104,0.7600793127824989,0.6130063970010593
215,0.009552001953125,0.6896241903305054,0.9708372354507446,0.13796624541282654,1.7294445484876633,0.8687500001025391,0.7679558014254754,0.7408866997626732,0.5884194059649148
216,0.0102386474609375,0.6910960078239441,0.970130443572998,0.138856440782547,1.7306546717882156,0.7619624471459949,0.6154598829594325,0.5766497466226906,0.4051355215333302
217,0.0057525634765625,0.6916975975036621,0.982747495174408,0.1386597752571106,1.7437749803066254,0.8139825220799219,0.6863157901340721,0.6324786331068741,0.46250000134374997
218,0.0096282958984375,0.691688060760498,0.9728357791900635,0.13911330699920654,1.7340804934501648,0.7475943747242084,0.5969267144244365,0.6075433235397112,0.4363103961401019
219,0.0166015625,0.6894235610961914,0.9549614191055298,0.1381889432668686,1.7134794518351555,0.7986434930908676,0.6647847567644426,0.504685408631402,0.33751119128244295
220,0.01531982421875,0.689492404460907,0.9564171433448792,0.1383843868970871,1.7151017412543297,0.77651991623626,0.6346812888041937,0.5521126763717515,0.3813229578002695
221,0.0114593505859375,0.6901447772979736,0.9649209976196289,0.13869911432266235,1.7244153320789337,0.7540628387031079,0.605217391647637,0.7611710325414707,0.6144278611760847
222,0.0086212158203125,0.6916985511779785,0.9772438406944275,0.13850334286689758,1.7381940633058548,0.754411764886462,0.6056670606780791,0.38971583303150764,0.2420168079966104
223,0.00640869140625,0.6946266293525696,0.9802926778793335,0.14112873375415802,1.745483674108982,0.6265457546359886,0.45618247364203784,0.7390109893694904,0.5860566457820117
224,0.013580322265625,0.6905179023742676,0.9628037214279175,0.13862720131874084,1.7226352244615555,0.7418367348255935,0.5896188162290196,0.570121951547163,0.3987206829437946
225,0.009735107421875,0.6909880638122559,0.9708622694015503,0.13878770172595978,1.731244184076786,0.7263863499534513,0.5703349286408278,0.6959008582498561,0.5336257316759858
226,0.006378173828125,0.6915316581726074,0.9822357892990112,0.1383664309978485,1.742950662970543,0.8294930877540402,0.7086614178963357,0.6232114473398864,0.4526558904095707
227,0.00836181640625,0.6898843050003052,0.9743174314498901,0.13794514536857605,1.7331743091344833,0.8961038962002745,0.8117647061987148,0.7717750829418136,0.6283662484230409
228,0.00244140625,0.6925424337387085,0.9934144616127014,0.13847704231739044,1.7551954165101051,0.8113207553103121,0.6825396842193667,0.5938864646555176,0.42236025203502947
229,0.0120086669921875,0.6900330781936646,0.9652507901191711,0.13840076327323914,1.7244842499494553,0.7336561744953656,0.5793499047998566,0.6979332275851087,0.5360195365860567
230,0.016265869140625,0.6881917715072632,0.9519140720367432,0.13793939352035522,1.709075540304184,0.8101761253189135,0.6809210528414993,0.7156177157834396,0.5571687844308812
231,0.01593017578125,0.6895738244056702,0.9534583687782288,0.13876983523368835,1.712417110800743,0.7677689092482826,0.6230721779006341,0.6753400356739563,0.509821429009088
232,0.0085601806640625,0.6922229528427124,0.9747541546821594,0.1396392583847046,1.7367967367172241,0.7498026837018131,0.5997474752528441,0.6659729451966983,0.49921996958000003
233,0.0074615478515625,0.6932469606399536,0.9836690425872803,0.13890165090560913,1.7463668286800385,0.4717391310089792,0.30867709913417196,0.12546125622608623,0.06692913569502139
234,0.00927734375,0.6917587518692017,0.9735991358757019,0.13906824588775635,1.7348920106887817,0.7474472431943858,0.5967391308731096,0.6199186995732534,0.44918998608366717
235,0.009979248046875,0.6924371123313904,0.9695619940757751,0.14014337956905365,1.7320707961916924,0.7052810904569671,0.5447368425046167,0.6270871988617002,0.45675675749086925
236,0.006744384765625,0.6916428208351135,0.9814653992652893,0.13846680521965027,1.742341622710228,0.7642276425502582,0.6184210533488326,0.5849923436676994,0.4134199146895673
237,0.0056304931640625,0.6913876533508301,0.9829428791999817,0.13841138780117035,1.743536226451397,0.8491048595279989,0.7377777783604939,0.6655052270635797,0.498694518280171
238,0.0010986328125,0.6929699182510376,0.9973204135894775,0.13857288658618927,1.7595767751336098,0.8026315802458449,0.6703296739524212,0.5631068003581864,0.3918919001095689
239,0.0063934326171875,0.6946988105773926,0.9800092577934265,0.14135673642158508,1.7453864365816116,0.6609589043998639,0.4936061387549794,0.6417736293561568,0.4725085919716347
240,0.0116119384765625,0.6898578405380249,0.9647228717803955,0.13858662545681,1.7238740250468254,0.8272946860946289,0.7054582907255836,0.7219589259700165,0.5648949325526639
241,0.0110015869140625,0.6888852119445801,0.9666498303413391,0.13768385350704193,1.7243769690394402,0.8844566713311852,0.7928483356438368,0.7469670712764582,0.5961272481381366
242,0.011962890625,0.6900845766067505,0.9634559750556946,0.13876056671142578,1.722920835018158,0.7811860941813977,0.6409395976166613,0.7874911160003617,0.6494724505867849
243,0.0074920654296875,0.6905418634414673,0.977373480796814,0.1381756067276001,1.7370031476020813,0.8689370486388679,0.7682481756053865,0.7222222225729518,0.565217392163602
244,0.0127410888671875,0.6917667388916016,0.9674497246742249,0.13896313309669495,1.728698030114174,0.6938313527482561,0.5311958409608354,0.4770017040229968,0.3131991059136475
245,0.0105743408203125,0.691290557384491,0.9712488651275635,0.13871349394321442,1.7318961694836617,0.7634854773419879,0.6174496648574389,0.5449218754444122,0.3744966451349038
246,0.0142822265625,0.6885528564453125,0.9565958976745605,0.13822603225708008,1.714261770248413,0.8422649141343453,0.7275109172685493,0.7834669958152579,0.6440162275415657
247,0.0085296630859375,0.6917830109596252,0.9785336256027222,0.13841834664344788,1.7395258098840714,0.6179018290491801,0.44707520968373926,0.4413793111153389,0.28318584197666224
248,0.0080718994140625,0.6911045908927917,0.9757931232452393,0.13865986466407776,1.7362276464700699,0.832495812535598,0.7130559545006371,0.344827587189164,0.20833333476751206
249,0.0082550048828125,0.6900219321250916,0.9748820066452026,0.13794943690299988,1.7338786572217941,0.8700361012003284,0.769968051485674,0.7754189946643363,0.6332116795014385
250,0.010894775390625,0.6907411813735962,0.9671066999435425,0.1389114260673523,1.7273035943508148,0.7426431248032942,0.5906382982207333,0.6856649398223964,0.5216819980004179
251,0.0130767822265625,0.6906358003616333,0.9592347741127014,0.13943974673748016,1.7195904478430748,0.6977319588875333,0.5357821408893083,0.8100000001187501,0.6806722692429913
252,0.0095367431640625,0.6918200254440308,0.9734258055686951,0.13913525640964508,1.7348134592175484,0.7709978465391257,0.6273364490334855,0.5675105489794192,0.3961708403591004
253,0.01422119140625,0.6880279779434204,0.9560559988021851,0.137942835688591,1.713055394589901,0.8552763819822732,0.7471466200639625,0.8058968060160339,0.6748971196760317
254,0.0114288330078125,0.6900568008422852,0.9648452401161194,0.13859327137470245,1.7241986766457558,0.7475876080509967,0.5969180862960923,0.7692307694119067,0.6250000004783163
255,0.0095062255859375,0.6898744106292725,0.9699845314025879,0.1382800191640854,1.728998951613903,0.8368891948817005,0.7195266275508561,0.822888283539611,0.6990740745384659
256,0.0127716064453125,0.6899135112762451,0.960372805595398,0.13891951739788055,1.7197460755705833,0.7521613834043414,0.6027713628924007,0.7752355317797877,0.6329670333703659
257,0.0115509033203125,0.6906682252883911,0.967746376991272,0.13838937878608704,1.7276092916727066,0.7045797686438955,0.5439005442549335,0.5788018437061734,0.40726329519161697
258,0.0070343017578125,0.6916103363037109,0.9802062511444092,0.13846060633659363,1.741046890616417,0.7558644658941229,0.6075418999894666,0.6527196657563185,0.4844720507567866
259,0.0054473876953125,0.6935333013534546,0.9834144115447998,0.14003391563892365,1.7469646707177162,0.6673267330026468,0.5007429427923582,0.6077170424313231,0.4364896086917099
260,0.0107269287109375,0.6896618008613586,0.967755913734436,0.13812440633773804,1.7264799177646637,0.8284960423294881,0.7072072075369288,0.7321739132763705,0.5775034299348375
261,0.0114898681640625,0.691420316696167,0.9725075364112854,0.13819758594036102,1.733026646077633,0.7226173543935864,0.5657015595036731,0.35752979484557984,0.21767810129593917
262,0.0082550048828125,0.6908681392669678,0.9751384854316711,0.1385256052017212,1.7352694272994995,0.8161290324063475,0.6893732974259219,0.7323008852518795,0.577661431801638
263,0.010650634765625,0.6906863451004028,0.9684925675392151,0.13876673579216003,1.728562280535698,0.7246192895148355,0.5681592044097918,0.7086206899063614,0.5487316427920805
264,0.01031494140625,0.6899145841598511,0.9702777862548828,0.1379467248916626,1.7291657328605652,0.8858509911921729,0.7950920247912981,0.17273954227700467,0.09453471330201667
265,0.0114593505859375,0.6908233165740967,0.9662880897521973,0.138874351978302,1.726548582315445,0.7450365727559892,0.5936719403882831,0.6723989684674126,0.5064766845771027
266,0.0077972412109375,0.6921865344047546,0.9768640398979187,0.13942092657089233,1.7387610375881195,0.7612687815014451,0.6145552565841573,0.6509433966380385,0.4825174834221722
